<?xml version="1.0" encoding="UTF-8"?><rss version="2.0"
	xmlns:content="http://purl.org/rss/1.0/modules/content/"
	xmlns:wfw="http://wellformedweb.org/CommentAPI/"
	xmlns:dc="http://purl.org/dc/elements/1.1/"
	xmlns:atom="http://www.w3.org/2005/Atom"
	xmlns:sy="http://purl.org/rss/1.0/modules/syndication/"
	xmlns:slash="http://purl.org/rss/1.0/modules/slash/"
	>

<channel>
	<title>Cina-Shangai Archivi - week2provafinale</title>
	<atom:link href="http://localhost/week3day1/tag-prodotto/cina-shangai/feed/?simply_static_page=688" rel="self" type="application/rss+xml" />
	<link></link>
	<description></description>
	<lastBuildDate>Fri, 03 Mar 2023 15:23:51 +0000</lastBuildDate>
	<language>it-IT</language>
	<sy:updatePeriod>
	hourly	</sy:updatePeriod>
	<sy:updateFrequency>
	1	</sy:updateFrequency>
	<generator>https://wordpress.org/?v=6.1.1</generator>

<image>
	<url>./../../../wp-content/uploads/2017/07/cropped-belinni-favicon-80x80.png</url>
	<title>Cina-Shangai Archivi - week2provafinale</title>
	<link></link>
	<width>32</width>
	<height>32</height>
</image> 
	<item>
		<title>Shangai All Inclusive</title>
		<link>./../../../prodotto/beautiful-backpack/index.html</link>
					<comments>./../../../prodotto/beautiful-backpack/index.html#comments</comments>
		
		<dc:creator><![CDATA[cosimo]]></dc:creator>
		<pubDate>Wed, 24 May 2017 09:36:02 +0000</pubDate>
				<guid isPermaLink="false">http://belinni.pixel-show.com/?post_type=product&#038;p=404</guid>

					<description><![CDATA[<p>Ti ha sempre appassionato la cultura cinese? Scopri il nostro pacchetto All Inclusive a Shangai!</p>
<p>L'articolo <a rel="nofollow" href="./../../../prodotto/beautiful-backpack/index.html">Shangai All Inclusive</a> proviene da <a rel="nofollow" href="./../../../index.html">week2provafinale</a>.</p>
]]></description>
										<content:encoded><![CDATA[<p>L'articolo <a rel="nofollow" href="./../../../prodotto/beautiful-backpack/index.html">Shangai All Inclusive</a> proviene da <a rel="nofollow" href="./../../../index.html">week2provafinale</a>.</p>
]]></content:encoded>
					
					<wfw:commentRss>./../../../prodotto/beautiful-backpack/feed/index.html</wfw:commentRss>
			<slash:comments>1</slash:comments>
		
		
			</item>
	</channel>
</rss>
