<?xml version="1.0" encoding="UTF-8"?><rss version="2.0"
	xmlns:content="http://purl.org/rss/1.0/modules/content/"
	xmlns:dc="http://purl.org/dc/elements/1.1/"
	xmlns:atom="http://www.w3.org/2005/Atom"
	xmlns:sy="http://purl.org/rss/1.0/modules/syndication/"
	
	>
<channel>
	<title>
	Commenti per week2provafinale	</title>
	<atom:link href="http://localhost/week3day1/comments/feed/?simply_static_page=385" rel="self" type="application/rss+xml" />
	<link></link>
	<description></description>
	<lastBuildDate>Fri, 03 Mar 2023 17:22:58 +0000</lastBuildDate>
	<sy:updatePeriod>
	hourly	</sy:updatePeriod>
	<sy:updateFrequency>
	1	</sy:updateFrequency>
	<generator>https://wordpress.org/?v=6.1.1</generator>
	<item>
		<title>
		Commenti su Perchè visitare la Turchia? di Un commentatore di WordPress		</title>
		<link>./../../2023/03/03/ciao-mondo/index.html#comment-1</link>

		<dc:creator><![CDATA[Un commentatore di WordPress]]></dc:creator>
		<pubDate>Fri, 03 Mar 2023 08:25:12 +0000</pubDate>
		<guid isPermaLink="false">./../../index.html?p=1#comment-1</guid>

					<description><![CDATA[Ciao, questo è un commento.
Per iniziare a moderare, modificare ed eliminare commenti, vai alla schermata dei commenti nella bacheca.
Gli avatar di chi lascia un commento sono forniti da &lt;a href=&quot;https://it.gravatar.com/&quot;&gt;Gravatar&lt;/a&gt;.]]></description>
			<content:encoded><![CDATA[<p>Ciao, questo è un commento.<br />
Per iniziare a moderare, modificare ed eliminare commenti, vai alla schermata dei commenti nella bacheca.<br />
Gli avatar di chi lascia un commento sono forniti da <a href="https://it.gravatar.com/">Gravatar</a>.</p>
]]></content:encoded>
		
			</item>
		<item>
		<title>
		Commenti su Shangai All Inclusive di Viktoria		</title>
		<link>./../../prodotto/beautiful-backpack/index.html#comment-29</link>

		<dc:creator><![CDATA[Viktoria]]></dc:creator>
		<pubDate>Wed, 24 May 2017 12:59:45 +0000</pubDate>
		<guid isPermaLink="false">http://belinni.pixel-show.com/?post_type=product&#038;p=404#comment-29</guid>

					<description><![CDATA[Cras eleifend ipsum, nullam felis mattis orci viverra orci, elit enim ornare non vitae tortor duis, nulla vitae a est quam lacus. Mi maecenas sollicitudin nulla vestibulum et wisi, ac semper nibh at. Rerum interdum amet nam in, sed dui, varius tortor sed mi maecenas commodo, fringilla phasellus amet diam elementum, erat eu lacus. Augue scelerisque, erat curae varius sapien eget. Duis aliquet.]]></description>
			<content:encoded><![CDATA[<p>Cras eleifend ipsum, nullam felis mattis orci viverra orci, elit enim ornare non vitae tortor duis, nulla vitae a est quam lacus. Mi maecenas sollicitudin nulla vestibulum et wisi, ac semper nibh at. Rerum interdum amet nam in, sed dui, varius tortor sed mi maecenas commodo, fringilla phasellus amet diam elementum, erat eu lacus. Augue scelerisque, erat curae varius sapien eget. Duis aliquet.</p>
]]></content:encoded>
		
			</item>
		<item>
		<title>
		Commenti su Cap brandizzato di Stefani		</title>
		<link>./../../prodotto/fresh-mango/index.html#comment-26</link>

		<dc:creator><![CDATA[Stefani]]></dc:creator>
		<pubDate>Wed, 24 May 2017 12:58:35 +0000</pubDate>
		<guid isPermaLink="false">http://belinni.pixel-show.com/?post_type=product&#038;p=401#comment-26</guid>

					<description><![CDATA[I love this mango.]]></description>
			<content:encoded><![CDATA[<p>I love this mango.</p>
]]></content:encoded>
		
			</item>
		<item>
		<title>
		Commenti su Turchia-Cappadocia di Olivia		</title>
		<link>./../../prodotto/stylish-%d1%81actus/index.html#comment-31</link>

		<dc:creator><![CDATA[Olivia]]></dc:creator>
		<pubDate>Wed, 24 May 2017 12:57:31 +0000</pubDate>
		<guid isPermaLink="false">http://belinni.pixel-show.com/?post_type=product&#038;p=406#comment-31</guid>

					<description><![CDATA[This comment is very important.]]></description>
			<content:encoded><![CDATA[<p>This comment is very important.</p>
]]></content:encoded>
		
			</item>
		<item>
		<title>
		Commenti su Tazza brandizzata di Viktoria		</title>
		<link>./../../prodotto/delicious-berries/index.html#comment-30</link>

		<dc:creator><![CDATA[Viktoria]]></dc:creator>
		<pubDate>Wed, 24 May 2017 12:56:03 +0000</pubDate>
		<guid isPermaLink="false">http://belinni.pixel-show.com/?post_type=product&#038;p=405#comment-30</guid>

					<description><![CDATA[Stylish blouse.]]></description>
			<content:encoded><![CDATA[<p>Stylish blouse.</p>
]]></content:encoded>
		
			</item>
	</channel>
</rss>
