<?xml version="1.0" encoding="UTF-8"?><rss version="2.0"
	xmlns:content="http://purl.org/rss/1.0/modules/content/"
	xmlns:wfw="http://wellformedweb.org/CommentAPI/"
	xmlns:dc="http://purl.org/dc/elements/1.1/"
	xmlns:atom="http://www.w3.org/2005/Atom"
	xmlns:sy="http://purl.org/rss/1.0/modules/syndication/"
	xmlns:slash="http://purl.org/rss/1.0/modules/slash/"
	>

<channel>
	<title>week2provafinale</title>
	<atom:link href="http://localhost/week3day1/feed/?simply_static_page=384" rel="self" type="application/rss+xml" />
	<link></link>
	<description></description>
	<lastBuildDate>Fri, 03 Mar 2023 17:22:58 +0000</lastBuildDate>
	<language>it-IT</language>
	<sy:updatePeriod>
	hourly	</sy:updatePeriod>
	<sy:updateFrequency>
	1	</sy:updateFrequency>
	<generator>https://wordpress.org/?v=6.1.1</generator>

<image>
	<url>./../wp-content/uploads/2017/07/cropped-belinni-favicon-80x80.png</url>
	<title>week2provafinale</title>
	<link></link>
	<width>32</width>
	<height>32</height>
</image> 
	<item>
		<title>Perchè visitare Shangai?</title>
		<link>./../2023/03/03/perche-visitare-shangai/index.html</link>
					<comments>./../2023/03/03/perche-visitare-shangai/index.html#respond</comments>
		
		<dc:creator><![CDATA[cosimo]]></dc:creator>
		<pubDate>Fri, 03 Mar 2023 16:10:06 +0000</pubDate>
				<category><![CDATA[Senza categoria]]></category>
		<guid isPermaLink="false">./../index.html?p=991</guid>

					<description><![CDATA[<p>Shanghai, la città più grande della Cina, offre un&#8217;esperienza unica ai visitatori con la sua vibrante miscela di storia antica e modernità sfrenata. La città è un importante centro finanziario e culturale del paese, con una vasta gamma di attrazioni per gli appassionati di arte, cultura e cucina. Una delle principali attrazioni di Shanghai è il Bund, una passeggiata lungo la riva del fiume Huangpu che offre una vista spettacolare dei grattacieli della città e della sua architettura storica. Il tempio del Buddha di Giada, situato nel quartiere Jing&#8217;an, è un altro punto di interesse popolare, con una statua di Buddha alta 3 metri incastonata in giada bianca. Gli appassionati di cultura dovrebbero visitare il Museo di Shanghai, che ospita una vasta collezione di arte cinese antica e moderna. La Torre di Shanghai è anche un&#8217;attrazione popolare, con la sua vista panoramica della città dalla cima. La cucina di Shanghai è rinomata in tutto il mondo e offre una vasta gamma di sapori e piatti unici. I visitatori dovrebbero assaggiare le famose zuppe alla crema di granchio e i famosi panini di maiale, così come il dim sum tradizionale e i dolci di fagioli rossi. Con la sua miscela di [&#8230;]</p>
<p>L'articolo <a rel="nofollow" href="./../2023/03/03/perche-visitare-shangai/index.html">Perchè visitare Shangai?</a> proviene da <a rel="nofollow" href="./../index.html">week2provafinale</a>.</p>
]]></description>
										<content:encoded><![CDATA[
<figure class="wp-block-image size-large"><img decoding="async" width="1024" height="683" src="./../wp-content/uploads/2023/03/shangai-1-1024x683.webp" alt="" class="wp-image-994" srcset="./../wp-content/uploads/2023/03/shangai-1-1024x683.webp 1024w, ./../wp-content/uploads/2023/03/shangai-1-300x200.webp 300w, ./../wp-content/uploads/2023/03/shangai-1-768x512.webp 768w, ./../wp-content/uploads/2023/03/shangai-1-1536x1024.webp 1536w, ./../wp-content/uploads/2023/03/shangai-1-550x367.webp 550w, ./../wp-content/uploads/2023/03/shangai-1-600x400.webp 600w, ./../wp-content/uploads/2023/03/shangai-1.webp 1920w" sizes="(max-width: 1024px) 100vw, 1024px" /></figure>



<p>Shanghai, la città più grande della Cina, offre un&#8217;esperienza unica ai visitatori con la sua vibrante miscela di storia antica e modernità sfrenata. La città è un importante centro finanziario e culturale del paese, con una vasta gamma di attrazioni per gli appassionati di arte, cultura e cucina.</p>



<p>Una delle principali attrazioni di Shanghai è il Bund, una passeggiata lungo la riva del fiume Huangpu che offre una vista spettacolare dei grattacieli della città e della sua architettura storica. Il tempio del Buddha di Giada, situato nel quartiere Jing&#8217;an, è un altro punto di interesse popolare, con una statua di Buddha alta 3 metri incastonata in giada bianca.</p>



<p>Gli appassionati di cultura dovrebbero visitare il Museo di Shanghai, che ospita una vasta collezione di arte cinese antica e moderna. La Torre di Shanghai è anche un&#8217;attrazione popolare, con la sua vista panoramica della città dalla cima.</p>



<p>La cucina di Shanghai è rinomata in tutto il mondo e offre una vasta gamma di sapori e piatti unici. I visitatori dovrebbero assaggiare le famose zuppe alla crema di granchio e i famosi panini di maiale, così come il dim sum tradizionale e i dolci di fagioli rossi.</p>



<p>Con la sua miscela di cultura antica e moderna, arte, cibo e architettura, Shanghai è una destinazione da non perdere per chiunque stia pianificando un viaggio in Cina.</p>
<p>L'articolo <a rel="nofollow" href="./../2023/03/03/perche-visitare-shangai/index.html">Perchè visitare Shangai?</a> proviene da <a rel="nofollow" href="./../index.html">week2provafinale</a>.</p>
]]></content:encoded>
					
					<wfw:commentRss>./../2023/03/03/perche-visitare-shangai/feed/index.html</wfw:commentRss>
			<slash:comments>0</slash:comments>
		
		
			</item>
		<item>
		<title>Perchè visitare New York e Miami?</title>
		<link>./../2023/03/03/perche-visitare-new-york-e-miami/index.html</link>
					<comments>./../2023/03/03/perche-visitare-new-york-e-miami/index.html#respond</comments>
		
		<dc:creator><![CDATA[cosimo]]></dc:creator>
		<pubDate>Fri, 03 Mar 2023 16:02:24 +0000</pubDate>
				<category><![CDATA[Senza categoria]]></category>
		<guid isPermaLink="false">./../index.html?p=988</guid>

					<description><![CDATA[<p>Miami e New York sono due delle città più vibranti e cosmopolite degli Stati Uniti. La loro bellezza e la loro cultura unica attirano ogni anno milioni di visitatori da tutto il mondo. Miami, situata in Florida, è famosa per le sue spiagge di sabbia bianca e le acque cristalline. La città è conosciuta anche per la sua vibrante scena culturale, con numerosi musei, gallerie d&#8217;arte, ristoranti e bar alla moda. Un must-see a Miami è sicuramente South Beach, con i suoi colorati edifici Art Deco e la sua vivace atmosfera. New York City, invece, è una città che non ha bisogno di presentazioni. Conosciuta come la &#8220;città che non dorme mai&#8221;, New York è il fulcro del mondo finanziario, della moda, della cultura e dell&#8217;intrattenimento. Dalla Statua della Libertà all&#8217;Empire State Building, dal Central Park ai suoi innumerevoli musei e teatri, New York offre qualcosa per tutti i gusti. In entrambe le città, la gastronomia è un elemento importante da non perdere. A Miami, si può gustare la cucina cubana, latina e caraibica, mentre a New York si può trovare di tutto, dalle pizze alle bagels, dalle bistecche ai piatti asiatici. In sintesi, Miami e New York offrono esperienze [&#8230;]</p>
<p>L'articolo <a rel="nofollow" href="./../2023/03/03/perche-visitare-new-york-e-miami/index.html">Perchè visitare New York e Miami?</a> proviene da <a rel="nofollow" href="./../index.html">week2provafinale</a>.</p>
]]></description>
										<content:encoded><![CDATA[
<figure class="wp-block-image size-full is-resized"><img decoding="async" src="./../wp-content/uploads/2023/03/dr.jpeg" alt="" class="wp-image-996" width="853" height="509" srcset="./../wp-content/uploads/2023/03/dr.jpeg 580w, ./../wp-content/uploads/2023/03/dr-300x179.jpeg 300w, ./../wp-content/uploads/2023/03/dr-550x328.jpeg 550w" sizes="(max-width: 853px) 100vw, 853px" /></figure>



<p>Miami e New York sono due delle città più vibranti e cosmopolite degli Stati Uniti. La loro bellezza e la loro cultura unica attirano ogni anno milioni di visitatori da tutto il mondo.</p>



<p>Miami, situata in Florida, è famosa per le sue spiagge di sabbia bianca e le acque cristalline. La città è conosciuta anche per la sua vibrante scena culturale, con numerosi musei, gallerie d&#8217;arte, ristoranti e bar alla moda. Un must-see a Miami è sicuramente South Beach, con i suoi colorati edifici Art Deco e la sua vivace atmosfera.</p>



<p>New York City, invece, è una città che non ha bisogno di presentazioni. Conosciuta come la &#8220;città che non dorme mai&#8221;, New York è il fulcro del mondo finanziario, della moda, della cultura e dell&#8217;intrattenimento. Dalla Statua della Libertà all&#8217;Empire State Building, dal Central Park ai suoi innumerevoli musei e teatri, New York offre qualcosa per tutti i gusti.</p>



<p>In entrambe le città, la gastronomia è un elemento importante da non perdere. A Miami, si può gustare la cucina cubana, latina e caraibica, mentre a New York si può trovare di tutto, dalle pizze alle bagels, dalle bistecche ai piatti asiatici.</p>



<p>In sintesi, Miami e New York offrono esperienze uniche e memorabili per ogni tipo di viaggiatore, da chi cerca spiagge e relax a chi cerca cultura, intrattenimento e avventura.</p>
<p>L'articolo <a rel="nofollow" href="./../2023/03/03/perche-visitare-new-york-e-miami/index.html">Perchè visitare New York e Miami?</a> proviene da <a rel="nofollow" href="./../index.html">week2provafinale</a>.</p>
]]></content:encoded>
					
					<wfw:commentRss>./../2023/03/03/perche-visitare-new-york-e-miami/feed/index.html</wfw:commentRss>
			<slash:comments>0</slash:comments>
		
		
			</item>
		<item>
		<title>Perchè visitare la Turchia?</title>
		<link>./../2023/03/03/ciao-mondo/index.html</link>
					<comments>./../2023/03/03/ciao-mondo/index.html#comments</comments>
		
		<dc:creator><![CDATA[cosimo]]></dc:creator>
		<pubDate>Fri, 03 Mar 2023 08:25:12 +0000</pubDate>
				<category><![CDATA[Senza categoria]]></category>
		<guid isPermaLink="false">./../index.html?p=1</guid>

					<description><![CDATA[<p>La Turchia è un luogo unico, con una cultura ricca e variegata che riflette la sua posizione di ponte tra Oriente e Occidente. La città di Istanbul è un punto di riferimento culturale, con la splendida architettura della Basilica di Santa Sofia e la maestosità della Moschea Blu. Non si può perdere la passeggiata sul Bosforo, che collega il Mar Nero al Mare di Marmara e separa l&#8217;Asia dall&#8217;Europa. Per chi cerca una vacanza più rilassante, la costa turca offre un mare cristallino e splendide spiagge sabbiose. La città costiera di Antalya è una popolare destinazione turistica, con spiagge spettacolari, villaggi di pescatori pittoreschi e la splendida cascata di Manavgat. Per gli amanti della storia, la città di Efeso è un tesoro nascosto, con le sue rovine antiche che includono il Tempio di Artemide, il teatro romano e la Biblioteca di Celso. La Turchia è un mix di cultura, mare e storia, con una cucina deliziosa e una popolazione accogliente. Non sorprende che sia una meta così amata dai turisti di tutto il mondo.</p>
<p>L'articolo <a rel="nofollow" href="./../2023/03/03/ciao-mondo/index.html">Perchè visitare la Turchia?</a> proviene da <a rel="nofollow" href="./../index.html">week2provafinale</a>.</p>
]]></description>
										<content:encoded><![CDATA[
<figure class="wp-block-image size-large is-resized"><img decoding="async" src="./../wp-content/uploads/2023/03/turchi-1024x666.jpeg" alt="" class="wp-image-1000" width="916" height="595" srcset="./../wp-content/uploads/2023/03/turchi-1024x666.jpeg 1024w, ./../wp-content/uploads/2023/03/turchi-300x195.jpeg 300w, ./../wp-content/uploads/2023/03/turchi-768x499.jpeg 768w, ./../wp-content/uploads/2023/03/turchi-1536x998.jpeg 1536w, ./../wp-content/uploads/2023/03/turchi-550x358.jpeg 550w, ./../wp-content/uploads/2023/03/turchi-600x390.jpeg 600w, ./../wp-content/uploads/2023/03/turchi.jpeg 2000w" sizes="(max-width: 916px) 100vw, 916px" /></figure>



<p>La Turchia è un luogo unico, con una cultura ricca e variegata che riflette la sua posizione di ponte tra Oriente e Occidente. La città di Istanbul è un punto di riferimento culturale, con la splendida architettura della Basilica di Santa Sofia e la maestosità della Moschea Blu. Non si può perdere la passeggiata sul Bosforo, che collega il Mar Nero al Mare di Marmara e separa l&#8217;Asia dall&#8217;Europa.</p>



<p>Per chi cerca una vacanza più rilassante, la costa turca offre un mare cristallino e splendide spiagge sabbiose. La città costiera di Antalya è una popolare destinazione turistica, con spiagge spettacolari, villaggi di pescatori pittoreschi e la splendida cascata di Manavgat.</p>



<p>Per gli amanti della storia, la città di Efeso è un tesoro nascosto, con le sue rovine antiche che includono il Tempio di Artemide, il teatro romano e la Biblioteca di Celso.</p>



<p>La Turchia è un mix di cultura, mare e storia, con una cucina deliziosa e una popolazione accogliente. Non sorprende che sia una meta così amata dai turisti di tutto il mondo.</p>
<p>L'articolo <a rel="nofollow" href="./../2023/03/03/ciao-mondo/index.html">Perchè visitare la Turchia?</a> proviene da <a rel="nofollow" href="./../index.html">week2provafinale</a>.</p>
]]></content:encoded>
					
					<wfw:commentRss>./../2023/03/03/ciao-mondo/feed/index.html</wfw:commentRss>
			<slash:comments>1</slash:comments>
		
		
			</item>
	</channel>
</rss>
