<?xml version="1.0" encoding="UTF-8"?><rss version="2.0"
	xmlns:content="http://purl.org/rss/1.0/modules/content/"
	xmlns:wfw="http://wellformedweb.org/CommentAPI/"
	xmlns:dc="http://purl.org/dc/elements/1.1/"
	xmlns:atom="http://www.w3.org/2005/Atom"
	xmlns:sy="http://purl.org/rss/1.0/modules/syndication/"
	xmlns:slash="http://purl.org/rss/1.0/modules/slash/"
	>

<channel>
	<title>viaggi Archivi - week2provafinale</title>
	<atom:link href="http://localhost/week3day1/categoria-prodotto/viaggi/feed/?simply_static_page=682" rel="self" type="application/rss+xml" />
	<link></link>
	<description></description>
	<lastBuildDate>Fri, 03 Mar 2023 15:23:51 +0000</lastBuildDate>
	<language>it-IT</language>
	<sy:updatePeriod>
	hourly	</sy:updatePeriod>
	<sy:updateFrequency>
	1	</sy:updateFrequency>
	<generator>https://wordpress.org/?v=6.1.1</generator>

<image>
	<url>./../../../wp-content/uploads/2017/07/cropped-belinni-favicon-80x80.png</url>
	<title>viaggi Archivi - week2provafinale</title>
	<link></link>
	<width>32</width>
	<height>32</height>
</image> 
	<item>
		<title>New york e Miami All Inclusive</title>
		<link>./../../../prodotto/flowers/index.html</link>
					<comments>./../../../prodotto/flowers/index.html#respond</comments>
		
		<dc:creator><![CDATA[cosimo]]></dc:creator>
		<pubDate>Wed, 24 May 2017 09:41:39 +0000</pubDate>
				<guid isPermaLink="false">http://belinni.pixel-show.com/?post_type=product&#038;p=408</guid>

					<description><![CDATA[<p>Inserisci il codice "epicode" per scoprire lo sconto a te riservato!<br />
In questo pacchetto è incluso tutto ciò di cui avrai bisogno per rendere il tuo viaggio in Americano come un vero e proprio American Dream!</p>
<p>L'articolo <a rel="nofollow" href="./../../../prodotto/flowers/index.html">New york e Miami All Inclusive</a> proviene da <a rel="nofollow" href="./../../../index.html">week2provafinale</a>.</p>
]]></description>
										<content:encoded><![CDATA[<p>Questo è il pacchetto all inclusive per New York e Miami di 10 giorni e comprende alloggi, voli, attività ed escursioni!</p>
<p>L'articolo <a rel="nofollow" href="./../../../prodotto/flowers/index.html">New york e Miami All Inclusive</a> proviene da <a rel="nofollow" href="./../../../index.html">week2provafinale</a>.</p>
]]></content:encoded>
					
					<wfw:commentRss>./../../../prodotto/flowers/feed/index.html</wfw:commentRss>
			<slash:comments>0</slash:comments>
		
		
			</item>
		<item>
		<title>Turchia-Cappadocia</title>
		<link>./../../../prodotto/stylish-%d1%81actus/index.html</link>
					<comments>./../../../prodotto/stylish-%d1%81actus/index.html#comments</comments>
		
		<dc:creator><![CDATA[cosimo]]></dc:creator>
		<pubDate>Wed, 24 May 2017 11:40:10 +0000</pubDate>
				<guid isPermaLink="false">http://belinni.pixel-show.com/?post_type=product&#038;p=406</guid>

					<description><![CDATA[<p><b>Un pacchetto all inclusive per ammirare la fantastica Turchia!</b></p>
<p>L'articolo <a rel="nofollow" href="./../../../prodotto/stylish-%d1%81actus/index.html">Turchia-Cappadocia</a> proviene da <a rel="nofollow" href="./../../../index.html">week2provafinale</a>.</p>
]]></description>
										<content:encoded><![CDATA[<p>Lasciati travolgere dal tuo viaggio in mongolfiera!<img decoding="async" class="alignnone size-full wp-image-975" src="./../../../wp-content/uploads/2017/05/turchia.jpeg" alt="" width="202" height="250" /></p>
<p>L'articolo <a rel="nofollow" href="./../../../prodotto/stylish-%d1%81actus/index.html">Turchia-Cappadocia</a> proviene da <a rel="nofollow" href="./../../../index.html">week2provafinale</a>.</p>
]]></content:encoded>
					
					<wfw:commentRss>./../../../prodotto/stylish-%d1%81actus/feed/index.html</wfw:commentRss>
			<slash:comments>1</slash:comments>
		
		
			</item>
		<item>
		<title>Shangai All Inclusive</title>
		<link>./../../../prodotto/beautiful-backpack/index.html</link>
					<comments>./../../../prodotto/beautiful-backpack/index.html#comments</comments>
		
		<dc:creator><![CDATA[cosimo]]></dc:creator>
		<pubDate>Wed, 24 May 2017 09:36:02 +0000</pubDate>
				<guid isPermaLink="false">http://belinni.pixel-show.com/?post_type=product&#038;p=404</guid>

					<description><![CDATA[<p>Ti ha sempre appassionato la cultura cinese? Scopri il nostro pacchetto All Inclusive a Shangai!</p>
<p>L'articolo <a rel="nofollow" href="./../../../prodotto/beautiful-backpack/index.html">Shangai All Inclusive</a> proviene da <a rel="nofollow" href="./../../../index.html">week2provafinale</a>.</p>
]]></description>
										<content:encoded><![CDATA[<p>L'articolo <a rel="nofollow" href="./../../../prodotto/beautiful-backpack/index.html">Shangai All Inclusive</a> proviene da <a rel="nofollow" href="./../../../index.html">week2provafinale</a>.</p>
]]></content:encoded>
					
					<wfw:commentRss>./../../../prodotto/beautiful-backpack/feed/index.html</wfw:commentRss>
			<slash:comments>1</slash:comments>
		
		
			</item>
	</channel>
</rss>
